{"stat.pickup.minecraft.spawn_egg":1,"stat.flyOneCm":72349,"stat.deaths":2,"stat.walkOneCm":2405,"stat.jump":9,"stat.playOneMinute":3781,"achievement.openInventory":4,"stat.useItem.maw79.steel_sword":2,"stat.leaveGame":1,"stat.damageTaken":560,"stat.damageDealt":190,"stat.timeSinceDeath":1332,"stat.killEntity.Shopkeeper":2,"achievement.newingot":1,"stat.mobKills":2,"stat.sprintOneCm":204,"stat.useItem.minecraft.spawn_egg":2,"achievement.exploreAllBiomes":{"value":0,"progress":["Beach","Ocean","River","Forest","Plains"]},"stat.useItem.minecraft.diamond_sword":2}