{"stat.flyOneCm":1371,"stat.walkOneCm":3199,"stat.jump":4,"stat.playOneMinute":5688,"achievement.openInventory":5,"stat.leaveGame":1,"achievement.niceto":1,"stat.damageDealt":490,"stat.killEntity.Elk":1,"stat.useItem.maw79.obsidian_sword2":10,"stat.killEntity.Human":1,"stat.timeSinceDeath":5688,"stat.killEntity.Test":1,"stat.killEntity.Shopkeeper":1,"stat.mobKills":4,"stat.sprintOneCm":4781,"stat.useItem.minecraft.spawn_egg":10,"achievement.exploreAllBiomes":{"value":0,"progress":["Beach","River","Desert"]},"stat.useItem.maw79.bow":5}