{"stat.chestOpened":15,"stat.useItem.maw79.block_number2":1,"stat.useItem.maw79.block_number15":2,"stat.useItem.maw79.block_number3":1,"stat.useItem.maw79.block_number16":2,"stat.useItem.maw79.block_number4":1,"stat.useItem.maw79.block_number13":2,"stat.useItem.maw79.block_number5":1,"stat.useItem.maw79.block_number14":2,"stat.pickup.maw79.first_book":1,"stat.walkOneCm":79568,"stat.useItem.maw79.block_number6":1,"stat.useItem.maw79.block_number11":2,"stat.useItem.maw79.block_number7":1,"stat.useItem.maw79.block_number12":2,"stat.useItem.maw79.block_number8":2,"stat.useItem.maw79.block_number9":2,"stat.useItem.maw79.block_number10":2,"stat.breakItem.maw79.rusty_paint_brush":1,"stat.useItem.maw79.block_number19":1,"stat.leaveGame":9,"stat.useItem.maw79.block_number17":2,"stat.useItem.maw79.block_number18":1,"stat.pickup.maw79.xyz_device":1,"achievement.painter":1,"stat.jump":46,"stat.fallOneCm":967,"achievement.newingot":1,"stat.pickup.minecraft.dirt":2,"stat.sprintOneCm":12088,"stat.useItem.maw79.rusty_paint_brush":1,"stat.useItem.minecraft.stone_slab2":250,"achievement.exploreAllBiomes":{"value":0,"progress":["Beach","River","Ocean","Forest","Plains","Desert","Extreme Hills"]},"stat.useItem.maw79.block_number1":1,"stat.pickup.maw79.player_level":1,"stat.breakItem.maw79.picture_wall":1,"achievement.openInventory":48,"stat.damageTaken":220,"stat.useItem.maw79.paint_brush":7,"stat.flyOneCm":430527,"stat.pickup.minecraft.wheat_seeds":4,"stat.pickup.minecraft.diamond":54,"stat.useItem.maw79.block_number20":1,"stat.playOneMinute":68729,"stat.pickup.minecraft.red_flower":3,"stat.sneakTime":1326,"stat.timeSinceDeath":68729,"stat.pickup.maw79.game_switcher":1,"stat.pickup.minecraft.yellow_flower":1,"stat.mineBlock.minecraft.dirt":2,"stat.useItem.minecraft.spawn_egg":15}