{"achievement.painter":1,"stat.pickup.maw79.maths_aqua_block":4,"stat.flyOneCm":3446,"stat.pickup.minecraft.sand":12,"stat.walkOneCm":10335,"stat.pickup.maw79.fractions_half":4,"stat.jump":10,"stat.playOneMinute":4480,"achievement.openInventory":1,"stat.useItem.maw79.fractions_half":4,"stat.leaveGame":2,"stat.timeSinceDeath":4480,"stat.sprintOneCm":1395,"stat.useItem.maw79.fractions_half_stamp":5,"stat.useItem.minecraft.stone_slab2":9,"achievement.exploreAllBiomes":{"value":0,"progress":["Beach","River","Desert"]}}