{"achievement.painter":1,"stat.pickup.minecraft.sand":5,"stat.flyOneCm":10855,"stat.pickup.minecraft.sandstone":2,"stat.walkOneCm":3631,"stat.pickup.maw79.fractions_half":7,"stat.jump":8,"stat.playOneMinute":4534,"stat.useItem.maw79.fractions_half":6,"stat.useItem.maw79.mathtexts_green_block":1,"stat.leaveGame":1,"stat.sneakTime":157,"stat.timeSinceDeath":4534,"stat.useItem.maw79.fractions_half_stamp":5,"stat.sprintOneCm":1979,"stat.useItem.minecraft.stone_slab2":2,"achievement.exploreAllBiomes":{"value":0,"progress":["Beach","River"]}}