{"stat.drop.maw79.paint_brush":1,"stat.flyOneCm":496,"stat.walkOneCm":6229,"stat.pickup.maw79.fractions_half":4,"stat.drop":3,"stat.jump":9,"stat.playOneMinute":7114,"achievement.openInventory":3,"stat.drop.maw79.fractions_half_stamp":2,"stat.pickup.maw79.paint_brush":1,"stat.useItem.maw79.fractions_half":2,"stat.leaveGame":1,"stat.sneakTime":1441,"stat.useItem.maw79.fractions_fifty_100":1,"stat.crouchOneCm":4,"stat.timeSinceDeath":7114,"stat.useItem.maw79.fractions_half_stamp":3,"stat.sprintOneCm":624,"stat.useItem.minecraft.stone_slab2":1,"achievement.exploreAllBiomes":{"value":0,"progress":["River","Ocean"]},"stat.pickup.maw79.fractions_half_stamp":2}