{"stat.chestOpened":1,"stat.walkOneCm":25812,"achievement.openInventory":4,"stat.leaveGame":3,"stat.useItem.minecraft.diamond_sword":64,"stat.flyOneCm":9292,"stat.jump":19,"stat.playOneMinute":5225,"stat.useItem.maw79.fractions_half":4,"achievement.mathsquest":1,"stat.sneakTime":103,"stat.damageDealt":2525,"stat.crouchOneCm":1,"stat.timeSinceDeath":5225,"stat.sprintOneCm":5790,"stat.useItem.minecraft.spawn_egg":1,"achievement.exploreAllBiomes":{"value":0,"progress":["Beach","Ocean","River","Desert"]}}