{"stat.mineBlock.minecraft.sandstone":3,"stat.useItem.maw79.glass_pickaxe":3,"stat.flyOneCm":82719,"stat.pickup.minecraft.sandstone":3,"stat.walkOneCm":19081,"stat.jump":14,"stat.playOneMinute":7583,"achievement.openInventory":1,"stat.fallOneCm":209,"achievement.mathsquest":1,"stat.leaveGame":1,"stat.timeSinceDeath":7583,"stat.pickup.maw79.block_number1":1,"stat.sprintOneCm":1475,"stat.mineBlock.maw79.block_number1":1,"stat.useItem.minecraft.spawn_egg":1,"stat.useItem.minecraft.stone_slab2":1,"achievement.exploreAllBiomes":{"value":0,"progress":["Beach","River","Ocean","Forest","Desert"]},"stat.useItem.minecraft.sandstone":1}