{"stat.mineBlock.minecraft.sandstone":3,"stat.useItem.maw79.glass_pickaxe":2,"stat.flyOneCm":6341,"stat.pickup.minecraft.sandstone":3,"stat.walkOneCm":7655,"stat.jump":28,"stat.playOneMinute":4109,"stat.fallOneCm":687,"achievement.openInventory":1,"stat.leaveGame":1,"stat.damageDealt":1239,"stat.timeSinceDeath":4109,"stat.sprintOneCm":7535,"stat.useItem.minecraft.stone_slab2":1,"achievement.exploreAllBiomes":{"value":0,"progress":["Beach","River","Desert"]},"stat.useItem.minecraft.diamond_sword":49}