{"stat.mineBlock.minecraft.sandstone":3,"stat.useItem.maw79.glass_pickaxe":2,"stat.flyOneCm":20309,"stat.drop.maw79.gamesetter":1,"stat.pickup.minecraft.sandstone":3,"stat.walkOneCm":18964,"stat.drop":1,"stat.jump":38,"stat.playOneMinute":4619,"stat.fallOneCm":1800,"achievement.openInventory":5,"stat.useItem.maw79.steel_sword":1,"stat.leaveGame":1,"stat.pickup.minecraft.cooked_porkchop":4,"stat.damageTaken":100,"stat.damageDealt":5018,"stat.timeSinceDeath":4619,"stat.killEntity.Maths Shopkeeper":1,"stat.sprintOneCm":12607,"stat.pickup.maw79.gamesetter":1,"stat.mobKills":1,"stat.useItem.minecraft.stone_slab2":1,"achievement.exploreAllBiomes":{"value":0,"progress":["Beach","Ocean","River","Desert"]}}