{"stat.walkOneCm":31416,"achievement.openInventory":6,"stat.drop.maw79.medium_paint_brush":1,"stat.leaveGame":3,"achievement.painter":1,"stat.flyOneCm":39023,"stat.drop":1,"stat.jump":29,"stat.playOneMinute":9958,"stat.useItem.maw79.reverse_paint_brush":8,"stat.sneakTime":55,"achievement.niceto":1,"stat.crouchOneCm":3,"stat.timeSinceDeath":9958,"stat.sprintOneCm":852,"stat.useItem.minecraft.stone_slab2":11,"achievement.exploreAllBiomes":{"value":0,"progress":["Beach","Ocean","River","Plains","Desert"]},"stat.useItem.maw79.bow":11}