{"stat.flyOneCm":2129,"stat.pickup.maw79.levitationdust":1,"stat.walkOneCm":8144,"stat.drop":1,"stat.jump":4,"stat.playOneMinute":4219,"achievement.openInventory":1,"stat.killEntity.Homer":2,"stat.leaveGame":1,"stat.drop.maw79.levitationdust":1,"achievement.niceto":1,"stat.damageDealt":230,"stat.timeSinceDeath":4219,"achievement.newingot":1,"stat.useItem.maw79.medium_paint_brush":11,"stat.sprintOneCm":1980,"stat.mobKills":2,"stat.useItem.minecraft.stone_slab2":1,"achievement.exploreAllBiomes":{"value":0,"progress":["Beach","River","Ocean","Desert"]}}