{"stat.chestOpened":16,"stat.pickup.minecraft.bone":19,"stat.pickup.maw79.insulator_calculator":1,"stat.useItem.minecraft.painting":13,"stat.pickup.minecraft.sign":3,"stat.horseOneCm":4136,"stat.leaveGame":16,"stat.pickup.maw79.maths_orange_block":1,"stat.drop.minecraft.sandstone":1,"stat.jump":611,"stat.swimOneCm":434,"stat.useItem.maw79.reverse_paint_brush":22,"stat.climbOneCm":1253,"stat.fallOneCm":211,"stat.pickup.minecraft.cooked_porkchop":2,"stat.pickup.minecraft.porkchop":3,"stat.crouchOneCm":102,"achievement.newingot":1,"stat.pickup.minecraft.dirt":2,"stat.pickup.minecraft.painting":2,"stat.useItem.minecraft.dirt":1,"stat.pickup.minecraft.golden_helmet":1,"stat.useItem.minecraft.stone_slab2":6193,"achievement.exploreAllBiomes":{"value":0,"progress":["Beach","River","Ocean","Forest","Plains","Desert","Extreme Hills"]},"stat.pickup.maw79.apple_wall":1,"stat.drop.minecraft.stone_button":1,"stat.pickup.minecraft.leather_boots":2,"stat.drop.maw79.maths_gold_block":2,"stat.pickup.minecraft.diamond_leggings":1,"stat.pickup.minecraft.iron_leggings":1,"stat.flyOneCm":1705758,"stat.drop.maw79.apple_wall":1,"stat.pickup.minecraft.sandstone":1,"stat.pickup.minecraft.wheat_seeds":4,"stat.drop.maw79.maths_blue_block":3,"stat.pickup.minecraft.lead":1,"stat.damageDealt":88,"stat.timeSinceDeath":353013,"stat.mineBlock.minecraft.dirt":2,"stat.useItem.minecraft.sign":9,"stat.drop.minecraft.log":2,"stat.useItem.minecraft.spawn_egg":2,"stat.killEntity.Bat":1,"stat.walkOneCm":948178,"stat.pickup.minecraft.golden_apple":5,"stat.pickup.minecraft.stick":1,"stat.furnaceInteraction":9,"stat.useItem.minecraft.lava_bucket":19,"achievement.painter":1,"stat.pickup.minecraft.log":2,"stat.drop.minecraft.iron_door":1,"achievement.mineWood":2,"stat.pickup.maw79.maths_gold_block":2,"stat.pickup.maw79.maths_blue_block":4,"stat.sprintOneCm":65329,"stat.drop.maw79.maths_aqua_block":1,"stat.pickup.minecraft.apple":1,"stat.useItem.maw79.bow":6,"stat.pickup.minecraft.gold_ingot":1,"stat.drop.maw79.maths_orange_block":1,"achievement.openInventory":123,"stat.useItem.minecraft.flint_and_steel":16,"stat.pickup.minecraft.grass":2,"stat.pickup.minecraft.diamond_helmet":1,"stat.mobKills":2,"stat.pickup.minecraft.diamond_chestplate":2,"stat.pickup.minecraft.diamond_boots":1,"stat.pickup.minecraft.book":1,"stat.useItem.maw79.infinite_paint_brush":16,"stat.pickup.maw79.maths_aqua_block":1,"stat.pickup.minecraft.diamond":42,"stat.drop":13,"stat.pickup.minecraft.iron_door":1,"stat.playOneMinute":353013,"stat.pickup.minecraft.stone_button":1,"stat.pickup.minecraft.torch":4,"stat.pickup.minecraft.red_flower":3,"stat.sneakTime":760,"stat.pickup.minecraft.wool":1,"stat.pickup.minecraft.yellow_flower":1}