{"stat.chestOpened":1,"stat.useItem.minecraft.bow":2,"stat.drop.minecraft.bow":1,"stat.walkOneCm":20303,"achievement.openInventory":12,"stat.leaveGame":2,"stat.useItem.maw79.paint_brush":3,"achievement.painter":1,"stat.flyOneCm":78570,"stat.drop":1,"stat.jump":41,"stat.playOneMinute":15473,"stat.sneakTime":12,"achievement.niceto":1,"stat.damageDealt":10,"stat.timeSinceDeath":15473,"achievement.newingot":1,"stat.sprintOneCm":16572,"stat.useItem.minecraft.spawn_egg":1,"stat.pickup.minecraft.bow":1,"achievement.exploreAllBiomes":{"value":0,"progress":["Beach","Ocean","River","Plains","Desert"]}}