{"stat.walkOneCm":17739,"achievement.openInventory":5,"stat.leaveGame":2,"stat.damageTaken":840,"stat.mobKills":1,"achievement.painter":1,"stat.flyOneCm":89730,"stat.deaths":3,"stat.jump":28,"stat.playOneMinute":8771,"stat.fallOneCm":209,"stat.sneakTime":8,"achievement.niceto":1,"stat.damageDealt":100,"stat.timeSinceDeath":1874,"stat.killEntity.Shopkeeper":1,"stat.sprintOneCm":4291,"stat.useItem.minecraft.spawn_egg":5,"achievement.exploreAllBiomes":{"value":0,"progress":["Beach","Ocean","River","Plains","Desert"]}}