{"stat.useItem.maw79.block_number2":3,"stat.useItem.maw79.block_number16":2,"stat.useItem.maw79.block_number14":2,"stat.useItem.maw79.block_number11":1,"stat.pickup.minecraft.bone":19,"stat.useItem.maw79.block_number12":3,"stat.useItem.minecraft.painting":13,"stat.useItem.maw79.block_number8":3,"stat.horseOneCm":4136,"stat.useItem.maw79.block_number19":1,"stat.leaveGame":25,"stat.useItem.maw79.block_number17":4,"stat.useItem.maw79.block_number18":1,"stat.swimOneCm":434,"stat.useItem.maw79.reverse_paint_brush":22,"stat.climbOneCm":1253,"stat.pickup.minecraft.cooked_porkchop":2,"stat.pickup.minecraft.porkchop":3,"stat.enderchestOpened":2,"achievement.newingot":1,"stat.useItem.minecraft.dirt":1,"stat.pickup.minecraft.golden_helmet":1,"stat.useItem.minecraft.stone_slab2":8382,"achievement.exploreAllBiomes":{"value":0,"progress":["Beach","River","Ocean","Forest","Plains","Desert","Extreme Hills"]},"stat.pickup.minecraft.leather_boots":2,"stat.pickup.minecraft.diamond_leggings":1,"stat.flyOneCm":2158604,"stat.drop.maw79.apple_wall":1,"stat.pickup.minecraft.sandstone":2,"stat.drop.maw79.block_number15":1,"stat.useItem.maw79.block_number21":2,"stat.drop.maw79.maths_blue_block":3,"achievement.mathsquest":1,"stat.timeSinceDeath":95620,"stat.killEntity.Shopkeeper":1,"stat.useItem.minecraft.sign":9,"stat.drop.minecraft.log":2,"stat.useItem.minecraft.spawn_egg":16,"stat.killEntity.Bat":1,"stat.trappedChestTriggered":7,"stat.furnaceInteraction":9,"stat.pickup.maw79.gamesetter":1,"achievement.painter":1,"stat.useItem.maw79.question_wand":2,"achievement.mineWood":2,"stat.sprintOneCm":77785,"stat.drop.maw79.maths_aqua_block":1,"stat.useItem.maw79.bow":6,"stat.useItem.minecraft.stone_slab":17,"achievement.openInventory":223,"stat.useItem.minecraft.flint_and_steel":16,"stat.pickup.minecraft.grass":2,"stat.useItem.maw79.fractions_half_2":1,"stat.useItem.maw79.fractions_half_1":1,"stat.drop.minecraft.leaves":1,"stat.useItem.maw79.fractions_half_5":1,"stat.useItem.maw79.fractions_half_4":1,"stat.useItem.maw79.fractions_half_3":1,"stat.pickup.minecraft.diamond_chestplate":2,"stat.useItem.maw79.infinite_paint_brush":16,"stat.deaths":1,"stat.drop":16,"stat.pickup.minecraft.egg":2,"stat.playOneMinute":450570,"stat.pickup.minecraft.stone_button":1,"stat.chestOpened":65,"stat.pickup.maw79.insulator_calculator":1,"stat.pickup.minecraft.sign":3,"stat.pickup.maw79.maths_orange_block":1,"stat.pickup.maw79.scoredebug":1,"stat.drop.minecraft.sandstone":2,"stat.jump":1002,"stat.fallOneCm":211,"stat.pickup.maw79.block_number15":1,"stat.crouchOneCm":127,"stat.pickup.minecraft.dirt":2,"stat.pickup.minecraft.painting":2,"stat.pickup.maw79.apple_wall":1,"stat.pickup.minecraft.leaves":1,"stat.damageTaken":280,"stat.drop.minecraft.stone_button":1,"stat.killEntity.Maths Shopkeeper":2,"stat.drop.maw79.maths_gold_block":2,"stat.pickup.minecraft.iron_leggings":1,"stat.killEntity.Scarecrow":1,"stat.pickup.minecraft.wheat_seeds":4,"stat.pickup.minecraft.lead":1,"stat.damageDealt":30648,"stat.mineBlock.minecraft.dirt":2,"stat.pickup.maw79.maths_grey_block":1,"stat.walkOneCm":1371041,"stat.pickup.minecraft.golden_apple":5,"stat.useItem.maw79.fakefractionsblock":15,"stat.pickup.minecraft.stick":1,"stat.useItem.minecraft.lava_bucket":19,"stat.pickup.maw79.fakefractionsblock":1,"stat.pickup.minecraft.log":2,"stat.drop.minecraft.iron_door":1,"stat.pickup.maw79.maths_gold_block":2,"stat.pickup.maw79.maths_blue_block":4,"stat.pickup.minecraft.apple":1,"stat.pickup.minecraft.gold_ingot":1,"stat.drop.maw79.maths_orange_block":1,"stat.useItem.maw79.steel_sword":5,"stat.pickup.minecraft.diamond_helmet":1,"stat.useItem.maw79.fractions_quarter_4":1,"stat.useItem.maw79.fractions_quarter_5":1,"stat.useItem.maw79.fractions_quarter_2":1,"stat.useItem.maw79.fractions_quarter_3":1,"stat.useItem.maw79.fractions_quarter_1":1,"stat.mobKills":6,"stat.pickup.minecraft.diamond_boots":1,"stat.pickup.minecraft.book":1,"stat.pickup.maw79.maths_aqua_block":1,"stat.pickup.minecraft.diamond":42,"stat.pickup.minecraft.iron_door":1,"stat.pickup.minecraft.torch":4,"stat.pickup.minecraft.red_flower":3,"stat.sneakTime":1367,"stat.pickup.minecraft.wool":1,"stat.pickup.minecraft.stone_slab":1,"stat.pickup.minecraft.yellow_flower":1}